Datetime,Water Level (m)
2026-09-27 06:00:00,0.7684565
2026-09-27 07:00:00,0.96404743
2026-09-27 08:00:00,1.0141019
2026-09-27 09:00:00,0.80502856
2026-09-27 10:00:00,0.55975956
2026-09-27 11:00:00,0.356517
2026-09-27 12:00:00,0.15239099
2026-09-27 13:00:00,-0.03448519
2026-09-27 14:00:00,-0.1771094
2026-09-27 15:00:00,-0.10859526
2026-09-27 16:00:00,0.22385527
2026-09-27 17:00:00,0.45625702
2026-09-27 18:00:00,0.78744006
2026-09-27 19:00:00,1.0344043
2026-09-27 20:00:00,1.1371619
2026-09-27 21:00:00,1.0061835
2026-09-27 22:00:00,0.7171899
2026-09-27 23:00:00,0.50666356
2026-09-28 00:00:00,0.300224
2026-09-28 01:00:00,0.10402475
2026-09-28 02:00:00,-0.055598658
2026-09-28 03:00:00,-0.09364551
2026-09-28 04:00:00,0.1983764
2026-09-28 05:00:00,0.42617023
2026-09-28 06:00:00,0.6921975
2026-09-28 07:00:00,0.9888077
2026-09-28 08:00:00,1.1183386
2026-09-28 09:00:00,1.0204298
2026-09-28 10:00:00,0.7327249
2026-09-28 11:00:00,0.52297395
2026-09-28 12:00:00,0.31293592
2026-09-28 13:00:00,0.114351004
2026-09-28 14:00:00,-0.057909343
2026-09-28 15:00:00,-0.15084179
2026-09-28 16:00:00,0.08827217
2026-09-28 17:00:00,0.36517385
2026-09-28 18:00:00,0.62323016
2026-09-28 19:00:00,0.95410717
2026-09-28 20:00:00,1.1469905
2026-09-28 21:00:00,1.1665893
2026-09-28 22:00:00,0.9164365
2026-09-28 23:00:00,0.67319536
2026-09-29 00:00:00,0.4641885
2026-09-29 01:00:00,0.26573187
2026-09-29 02:00:00,0.080778345
2026-09-29 03:00:00,-0.05473771
2026-09-29 04:00:00,0.019302996
2026-09-29 05:00:00,0.32707444
2026-09-29 06:00:00,0.54135954
2026-09-29 07:00:00,0.8403095
2026-09-29 08:00:00,1.0527207
2026-09-29 09:00:00,1.0898288
2026-09-29 10:00:00,0.8575639
2026-09-29 11:00:00,0.6250185
2026-09-29 12:00:00,0.42543066
2026-09-29 13:00:00,0.23002891
2026-09-29 14:00:00,0.050267417
2026-09-29 15:00:00,-0.09120958
2026-09-29 16:00:00,-0.069981806
2026-09-29 17:00:00,0.23872876
2026-09-29 18:00:00,0.47281727
2026-09-29 19:00:00,0.76510483
2026-09-29 20:00:00,1.0657897
2026-09-29 21:00:00,1.2116852
2026-09-29 22:00:00,1.1508257
2026-09-29 23:00:00,0.8701293
2026-09-30 00:00:00,0.6600364
2026-09-30 01:00:00,0.45710877
2026-09-30 02:00:00,0.27256536
2026-09-30 03:00:00,0.106838375
2026-09-30 04:00:00,0.02223675
2026-09-30 05:00:00,0.21400641
2026-09-30 06:00:00,0.47212216
2026-09-30 07:00:00,0.6946528
2026-09-30 08:00:00,0.96836627
2026-09-30 09:00:00,1.1038835
2026-09-30 10:00:00,1.0272677
2026-09-30 11:00:00,0.7722113
2026-09-30 12:00:00,0.584879
2026-09-30 13:00:00,0.39611897
2026-09-30 14:00:00,0.22047554
2026-09-30 15:00:00,0.06129137
2026-09-30 16:00:00,-0.040125895
2026-09-30 17:00:00,0.08612264
2026-09-30 18:00:00,0.38045713
2026-09-30 19:00:00,0.6213013
2026-09-30 20:00:00,0.93478143
2026-09-30 21:00:00,1.1570866
2026-09-30 22:00:00,1.2287816
2026-09-30 23:00:00,1.0535011
2026-10-01 00:00:00,0.81599224
2026-10-01 01:00:00,0.62921226
2026-10-01 02:00:00,0.44348112
2026-10-01 03:00:00,0.28269944
2026-10-01 04:00:00,0.14646526
2026-10-01 05:00:00,0.13255422
2026-10-01 06:00:00,0.35217115
2026-10-01 07:00:00,0.5675022
2026-10-01 08:00:00,0.7862228
2026-10-01 09:00:00,1.0166129
2026-10-01 10:00:00,1.0731784
2026-10-01 11:00:00,0.90205026
2026-10-01 12:00:00,0.70303786
2026-10-01 13:00:00,0.5281978
2026-10-01 14:00:00,0.36335516
2026-10-01 15:00:00,0.19991565
2026-10-01 16:00:00,0.06728774
2026-10-01 17:00:00,0.03208746
2026-10-01 18:00:00,0.23409367
2026-10-01 19:00:00,0.4801013
2026-10-01 20:00:00,0.7191096
2026-10-01 21:00:00,1.0004059
2026-10-01 22:00:00,1.1620641
2026-10-01 23:00:00,1.1649776
2026-10-02 00:00:00,0.9474346
2026-10-02 01:00:00,0.76827586
2026-10-02 02:00:00,0.59677255
2026-10-02 03:00:00,0.4270883
2026-10-02 04:00:00,0.29052106
2026-10-02 05:00:00,0.1826468
2026-10-02 06:00:00,0.20627326
2026-10-02 07:00:00,0.39371046
2026-10-02 08:00:00,0.5832993
2026-10-02 09:00:00,0.7666635
2026-10-02 10:00:00,0.9376991
2026-10-02 11:00:00,0.9362276
2026-10-02 12:00:00,0.76159745
2026-10-02 13:00:00,0.6101696
2026-10-02 14:00:00,0.44939947
2026-10-02 15:00:00,0.30371007
2026-10-02 16:00:00,0.16591854
2026-10-02 17:00:00,0.06867095
2026-10-02 18:00:00,0.09203509
2026-10-02 19:00:00,0.29578847
2026-10-02 20:00:00,0.50634706
2026-10-02 21:00:00,0.72826827
2026-10-02 22:00:00,0.96928155
2026-10-02 23:00:00,1.0906767
2026-10-03 00:00:00,1.0612099
2026-10-03 01:00:00,0.8686897
2026-10-03 02:00:00,0.721135
2026-10-03 03:00:00,0.5694027
2026-10-03 04:00:00,0.42215577
2026-10-03 05:00:00,0.29974946
2026-10-03 06:00:00,0.20871903
